<beans:beans xmlns="http://www.springframework.org/schema/mvc"
	xmlns:xsi="http://www.w3.org/2001/XMLSchema-instance" xmlns:beans="http://www.springframework.org/schema/beans"
	xmlns:context="http://www.springframework.org/schema/context" xmlns:tx="http://www.springframework.org/schema/tx"
	xsi:schemaLocation="http://www.springframework.org/schema/mvc http://www.springframework.org/schema/mvc/spring-mvc.xsd
            http://www.springframework.org/schema/beans http://www.springframework.org/schema/beans/spring-beans.xsd
            http://www.springframework.org/schema/context http://www.springframework.org/schema/context/spring-context.xsd
            http://www.springframework.org/schema/tx http://www.springframework.org/schema/tx/spring-tx-4.0.xsd">

	<beans:bean id="viewResolver"
		class="org.springframework.web.servlet.view.InternalResourceViewResolver">
		<beans:property name="prefix" value="/WEB-INF/jsp/" />
		<beans:property name="suffix" value=".jsp" />
	</beans:bean>
	<beans:bean id="messageSource"
		class="org.springframework.context.support.ReloadableResourceBundleMessageSource">

		<beans:property name="basename" value="/WEB-INF/message/messages" />

	</beans:bean>

	<beans:bean id="daoimpl" class="com.mindtree.dao.BookingImpl"></beans:bean>

	<beans:bean id="serviceobj" class="com.mindtree.service.ServiceImpl">
		<beans:property name="bookdao" ref="daoimpl"></beans:property>
	</beans:bean>

	<beans:bean id="con" class="com.mindtree.db.Connection_Class"></beans:bean>

	<beans:bean id="bookpojoo" class="com.mindtree.pojo.Booking_Pojo"></beans:bean>

	<beans:bean id="hotelpojo" class="com.mindtree.pojo.Hotel_Pojo"></beans:bean>

	<beans:bean id="hp" class="com.mindtree.pojo.Hotel_Pojo1"></beans:bean>

	<beans:bean id="om" class="org.codehaus.jackson.map.ObjectMapper"></beans:bean>

	<context:component-scan base-package="com.mindtree.controller" />

	<resources mapping="/resources/**" location="/imagess/" />
	<resources mapping="/resource/**" location="/Js/" />

	<annotation-driven />

</beans:beans>